Query,Method,# of Intervals ,Query #,Protein #,i,T,Mean,Standard Deviation,Confidence Interval,,,,Distance from Original,Confidence Interval Size,,,Mean Diff,,,Total Lower,Percent Lower,,Total EM,Total MCMC,Total 3,Total 5,Total 7,EM and 3,EM and 5,EM and 7,MCMC and 3,MCMC and 5,MCMC and 7
Q1 for x,EM,,1,1,0,0,always 1 ,,,,,,,,,,,,,,,,,,,,,,,,,,
,EM,3,1,1,,1,0.084199735,0.0026,"(0.08121435344937696, 0.08718511721728957)",,,,0.005831159,0.005970764,,,0.003091256,,Higher,83,0.691666667,,42,41,24,29,30,12,15,15,12,14,15
,EM,5,1,1,,,0.085832725,0.0032,"(0.0830579401482805, 0.08860750985171942)",,,,0.007464149,0.00554957,,,,,Lower,,,,,,,,,,,,,,
,EM,7,1,1,,,0.085229945,0.0032,"(0.08282934984419883, 0.0876305404415154)",,,,0.006861369,0.004801191,,,,,Higher,,,,,,,,,,,,,,
,EM,3,1,1,,3,0.228825357,0.0024,"(0.2260884911316972, 0.2315622222016358)",,,,0.002533473,0.005473731,,,,,Higher,,,,,,,,,,,,,,
,EM,5,1,1,,,0.232407095,0.0015,"(0.23105314344391317, 0.2337610469560866)",,,,0.006115211,0.002707904,,,,,Higher,,,,,,,,,,,,,,
,EM,7,1,1,,,0.230528815,0.0012,"(0.22962426688285859, 0.23143336311714136)",,,,0.004236931,0.001809096,,,,,Lower,,,,,,,,,,,,,,
,EM,3,1,1,,5,0.338933717,0.0031,"(0.3354342068555811, 0.3424332271444185)",,,,0.001673731,0.00699902,,,,,Higher,,,,,,,,,,,,,,
,EM,5,1,1,,,0.341902198,0.005,"(0.3374903649240284, 0.3463140314759714)",,,,0.00129475,0.008823667,,,,,Higher,,,,,,,,,,,,,,
,EM,7,1,1,,,0.341035492,0.0037,"(0.3383274708884526, 0.34374351225440425)",,,,0.000428044,0.005416041,,,,,Lower,,,,,,,,,,,,,,
,EM,3,1,1,,7,0.376561289,0.009717813,"(0.36556475056144555, 0.38755782743855394)",,,,0.005435442,0.021993077,,,,,Lower,,,,,,,,,,,,,,
,EM,5,1,1,,,0.377903879,0.012621345,"(0.36684098562751666, 0.38896677317248307)",,,,0.004092852,0.022125788,,,,,Lower,,,,,,,,,,,,,,
,EM,7,1,1,,,0.379003278,0.010472653,"(0.37124517029790344, 0.3867613854163821)",,,,0.002993453,0.015516215,,,,,Higher,,,,,,,,,,,,,,
,EM,3,1,1,,10,0.358029717,0.019247075,"(0.33625000147417416, 0.37980943319249194)",,,,0.010523194,0.043559432,,,,,Higher,,,,,,,,,,,,,,
,EM,5,1,1,,,0.356991609,0.022344584,"(0.33740607781722787, 0.37657714098277195)",,,,0.011561302,0.039171063,,,,,Lower,,,,,,,,,,,,,,
,EM,7,1,1,,,0.360748464,0.01925757,"(0.3464825188414702, 0.3750144091585297)",,,,0.007804447,0.02853189,,,,,Higher,,,,,,,,,,,,,,
,EM,,1,1,1,0,always  0,,,,,,,,,,,,,,,,,,,,,,,,,,
,EM,3,1,1,,1,0.292264742,0.00338096,"(0.28843889570303755, 0.29609058763029533)",,,,0.008914651,0.007651692,,,,,Higher,,,,,,,,,,,,,,
,EM,5,1,1,,,0.294992867,0.004119837,"(0.29138173754585245, 0.29860399685414735)",,,,0.011642776,0.007222259,,,,,Lower,,,,,,,,,,,,,,
,EM,7,1,1,,,0.293876944,0.004216234,"(0.2907535714203051, 0.2970003157225519)",,,,0.010526853,0.006246744,,,,,Higher,,,,,,,,,,,,,,
,EM,3,1,1,,3,0.462260321,0.002717005,"(0.459185797056156, 0.4653348442771767)",,,,0.002308817,0.006149047,,,,,Higher,,,,,,,,,,,,,,
,EM,5,1,1,,,0.463450744,0.002349845,"(0.46139105215841314, 0.4655104362415866)",,,,0.001118394,0.004119384,,,,,Higher,,,,,,,,,,,,,,
,EM,7,1,1,,,0.462658515,0.002538703,"(0.4607778524023791, 0.464539177883335)",,,,0.001910623,0.003761325,,,,,Lower,,,,,,,,,,,,,,
,EM,3,1,1,,5,0.481963154,0.001422489,"(0.48035348598128974, 0.4835728220187096)",,,,0.002751354,0.003219336,,,,,Lower,,,,,,,,,,,,,,
,EM,5,1,1,,,0.481222016,0.001593502,"(0.47982527487260596, 0.4826187563273938)",,,,0.003492492,0.002793481,,,,,Lower,,,,,,,,,,,,,,
,EM,7,1,1,,,0.481544072,0.001608832,"(0.4803522541972402, 0.48273588980275967)",,,,0.003170436,0.002383636,,,,,Lower,,,,,,,,,,,,,,
,EM,3,1,1,,7,0.470914264,0.002138569,"(0.4684942902885844, 0.4733342383780816)",,,,0.001952777,0.004839948,,,,,Higher,,,,,,,,,,,,,,
,EM,5,1,1,,,0.46994148,0.002452733,"(0.46779160370313105, 0.4720913554968686)",,,,0.002925561,0.004299752,,,,,Higher,,,,,,,,,,,,,,
,EM,7,1,1,,,0.470229518,0.002345176,"(0.4684922188598558, 0.4719668165687153)",,,,0.002637523,0.003474598,,,,,Lower,,,,,,,,,,,,,,
,EM,3,1,1,,10,0.458984508,0.00166989,"(0.45709488424422234, 0.46087413175577713)",,,,0.000825079,0.003779248,,,,,Lower,,,,,,,,,,,,,,
,EM,5,1,1,,,0.458148578,0.001502327,"(0.4568317541426183, 0.4594654014573814)",,,,0.001661009,0.002633647,,,,,Lower,,,,,,,,,,,,,,
,EM,7,1,1,,,0.458520687,0.001741921,"(0.45723027746709805, 0.4598110968186159)",,,,0.0012889,0.002580819,,,,,Lower,,,,,,,,,,,,,,
,EM,,1,1,3,0,always 0,,,,,,,,,,,,,,,,,,,,,,,,,,
,EM,3,1,1,,1,0.201582578,0.003096432,"(0.19807869986909918, 0.20508645613090057)",,,,0.007944973,0.007007756,,,,,Lower,,,,,,,,,,,,,,
,EM,5,1,1,,,0.199167484,0.00376308,"(0.19586905962859036, 0.2024659091714095)",,,,0.010360067,0.00659685,,,,,Lower,,,,,,,,,,,,,,
,EM,7,1,1,,,0.200145368,0.00385097,"(0.1972925819352383, 0.20299815406476163)",,,,0.009382183,0.005705572,,,,,Higher,,,,,,,,,,,,,,
,EM,3,1,1,,3,0.05027943,0.001958596,"(0.04806311058310967, 0.05249574875022359)",,,,0.000610294,0.004432638,,,,,Higher,,,,,,,,,,,,,,
,EM,5,1,1,,,0.048824813,0.001488688,"(0.04751994475926379, 0.05012968204073618)",,,,0.000844323,0.002609737,,,,,Higher,,,,,,,,,,,,,,
,EM,7,1,1,,,0.049665461,0.00158583,"(0.048490683116591854, 0.050840239169122406)",,,,3.67E-06,0.002349556,,,,,Lower,,,,,,,,,,,,,,
,EM,3,1,1,,5,0.017661795,0.001076222,"(0.01644395787037171, 0.018879632129628263)",,,,0.001194622,0.002435674,,,,,Lower,,,,,,,,,,,,,,
,EM,5,1,1,,,0.01732444,0.001280294,"(0.016202233031449322, 0.018446646168550667)",,,,0.000857267,0.002244413,,,,,Lower,,,,,,,,,,,,,,
,EM,7,1,1,,,0.017357693,0.001122642,"(0.01652604334848054, 0.01818934236580516)",,,,0.00089052,0.001663299,,,,,Lower,,,,,,,,,,,,,,
,EM,3,1,1,,7,0.015074348,0.001918587,"(0.012903303126259183, 0.017245393540407463)",,,,0.001491546,0.00434209,,,,,Lower,,,,,,,,,,,,,,
,EM,5,1,1,,,0.015121224,0.002365678,"(0.013047653737786567, 0.017194793862213422)",,,,0.001538422,0.00414714,,,,,Lower,,,,,,,,,,,,,,
,EM,7,1,1,,,0.014764633,0.002003349,"(0.013280558424043102, 0.01624870671881403)",,,,0.001181831,0.002968148,,,,,Lower,,,,,,,,,,,,,,
,EM,3,1,1,,10,0.024357122,0.004361354,"(0.019421876499615486, 0.029292368167051143)",,,,0.002712589,0.009870492,,,,,Lower,,,,,,,,,,,,,,
,EM,5,1,1,,,0.02493613,0.005279184,"(0.020308806704961456, 0.02956345369503853)",,,,0.003291597,0.009254647,,,,,Lower,,,,,,,,,,,,,,
,EM,7,1,1,,,0.02384863,0.004432067,"(0.020565368987400637, 0.027131891298313632)",,,,0.002204097,0.006566522,,,,,Lower,,,,,,,,,,,,,,
,EM,,1,1,5,0,always 0,,,,,,,,,,,,,,,,,,,,,,,,,,
,EM,3,1,1,,1,0.007191635,0.001030777,"(0.006025222343599364, 0.008358046989733959)",,,,0.000777758,0.002332825,,,,,Lower,,,,,,,,,,,,,,
,EM,5,1,1,,,0.006944744,0.001044317,"(0.006029376413320115, 0.007860110786679881)",,,,0.001024649,0.001830734,,,,,Lower,,,,,,,,,,,,,,
,EM,7,1,1,,,0.00705128,0.001047075,"(0.006275610431776597, 0.007826949282509115)",,,,0.000918113,0.001551339,,,,,Lower,,,,,,,,,,,,,,
,EM,3,1,1,,3,0.000117896,0.001000073,"(-0.0010137718247310277, 0.0012495644913976943)",,,,1.08E-05,0.002263336,,,,,Lower,,,,,,,,,,,,,,
,EM,5,1,1,,,0.000110017,0.001000036,"(-0.0007665374734046749, 0.0009865714734046747)",,,,2.96E-06,0.001753109,,,,,Lower,,,,,,,,,,,,,,
,EM,7,1,1,,,0.000114623,0.001000048,"(-0.0006262094079478879, 0.0008554554079478879)",,,,7.56E-06,0.001481665,,,,,Lower,,,,,,,,,,,,,,
,EM,3,1,1,,5,1.62E-05,0.001000002,"(-0.0011154209546414724, 0.0011477542879748059)",,,,2.87E-06,0.002263175,,,,,Lower,,,,,,,,,,,,,,
,EM,5,1,1,,,1.59E-05,0.001000004,"(-0.0008606259432304796, 0.0008924259432304796)",,,,2.60E-06,0.001753052,,,,,Lower,,,,,,,,,,,,,,
,EM,7,1,1,,,1.56E-05,0.001000002,"(-0.0007252268950891287, 0.0007563697522319859)",,,,2.27E-06,0.001481597,,,,,Lower,,,,,,,,,,,,,,
,EM,3,1,1,,7,2.28E-05,0.001000018,"(-0.0011087728948322166, 0.0011544395614988831)",,,,4.93E-06,0.002263212,,,,,Lower,,,,,,,,,,,,,,
,EM,5,1,1,,,2.37E-05,0.001000035,"(-0.0008528927881463381, 0.0009002127881463381)",,,,5.76E-06,0.001753106,,,,,Lower,,,,,,,,,,,,,,
,EM,7,1,1,,,2.19E-05,0.001000022,"(-0.0007188987316998228, 0.0007627273031283943)",,,,4.01E-06,0.001481626,,,,,Lower,,,,,,,,,,,,,,
,EM,3,1,1,,10,0.000104972,0.001000669,"(-0.0010273701128945933, 0.0012373147795612597)",,,,2.45E-05,0.002264685,,,,,Lower,,,,,,,,,,,,,,
,EM,5,1,1,,,0.000113025,0.001001268,"(-0.0007646088700608626, 0.0009906596700608626)",,,,3.25E-05,0.001755269,,,,,Lower,,,,,,,,,,,,,,
,EM,7,1,1,,,0.00010088,0.001000807,"(-0.0006405147903448095, 0.0008422750760590951)",,,,2.04E-05,0.00148279,,,,,Lower,,,,,,,,,,,,,,
Q1 for x,MCMC,,1,1,0,0,always 1,,,,,,,,,,,,,,,,,,,,,,,,,,
,MCMC,3,1,1,,1,0.084608646,0.002963639,"(0.0812550348524411, 0.08796225694755891)",,,,0.00624007,0.006707222,,,,,Lower,,,,,,,,,,,,,,
,MCMC,5,1,1,,,0.086209691,0.003538181,"(0.08220593599529635, 0.09021344560470365)",,,,0.007841115,0.00800751,,,,,Lower,,,,,,,,,,,,,,
,MCMC,7,1,1,,,0.085276611,0.003679688,"(0.08111272804019014, 0.08944049315980986)",,,,0.006908035,0.008327765,,,,,Higher,,,,,,,,,,,,,,
,MCMC,3,1,1,,3,0.228796036,0.002999101,"(0.22540229683282215, 0.23218977596717788)",,,,0.002504152,0.006787479,,,,,Higher,,,,,,,,,,,,,,
,MCMC,5,1,1,,,0.232413048,0.001295529,"(0.2309470463313109, 0.2338790494686891)",,,,0.006121164,0.002932003,,,,,Higher,,,,,,,,,,,,,,
,MCMC,7,1,1,,,0.230652062,0.000731959,"(0.2298237877034642, 0.2314803352965358)",,,,0.004360178,0.001656548,,,,,Lower,,,,,,,,,,,,,,
,MCMC,3,1,1,,5,0.339117742,0.003658286,"(0.33497807792491224, 0.3432574068750877)",,,,0.001489706,0.008279329,,,,,Higher,,,,,,,,,,,,,,
,MCMC,5,1,1,,,0.342682409,0.006033562,"(0.3358549161282945, 0.3495099012717055)",,,,0.002074961,0.013654985,,,,,Higher,,,,,,,,,,,,,,
,MCMC,7,1,1,,,0.341321168,0.004197101,"(0.3365717884444474, 0.34607054835555257)",,,,0.00071372,0.00949876,,,,,Lower,,,,,,,,,,,,,,
,MCMC,3,1,1,,7,0.374765636,0.011973301,"(0.36121681932491717, 0.3883144520750828)",,,,0.007231095,0.027097633,,,,,Lower,,,,,,,,,,,,,,
,MCMC,5,1,1,,,0.377728345,0.013994273,"(0.3618926260802255, 0.3935640643197745)",,,,0.004268386,0.031671438,,,,,Lower,,,,,,,,,,,,,,
,MCMC,7,1,1,,,0.378852824,0.012195434,"(0.36505264467789106, 0.39265300272210896)",,,,0.003143907,0.027600358,,,,,Higher,,,,,,,,,,,,,,
,MCMC,3,1,1,,10,0.356876253,0.02316748,"(0.3306602630111878, 0.3830922431888122)",,,,0.011676658,0.05243198,,,,,Higher,,,,,,,,,,,,,,
,MCMC,5,1,1,,,0.353956371,0.024734724,"(0.3259669102116056, 0.38194583138839433)",,,,0.01459654,0.055978921,,,,,Higher,,,,,,,,,,,,,,
,MCMC,7,1,1,,,0.364463168,0.019396151,"(0.342514759892937, 0.386411576107063)",,,,0.004089743,0.043896816,,,,,Higher,,,,,,,,,,,,,,
,MCMC,,1,1,1,0,always 0,,,,,,,,,,,,,,,,,,,,,,,,,,
,MCMC,3,1,1,,1,0.292386547,0.003383459,"(0.28855787289008555, 0.2962152203099145)",,,,0.009036456,0.007657347,,,,,Higher,,,,,,,,,,,,,,
,MCMC,5,1,1,,,0.29636786,0.004512648,"(0.2912614114871341, 0.30147430791286595)",,,,0.013017769,0.010212896,,,,,Lower,,,,,,,,,,,,,,
,MCMC,7,1,1,,,0.294829481,0.004192147,"(0.2900857072991255, 0.2995732541008745)",,,,0.01147939,0.009487547,,,,,Higher,,,,,,,,,,,,,,
,MCMC,3,1,1,,3,0.462206892,0.002584277,"(0.4592825610744231, 0.4651312237255769)",,,,0.002362246,0.005848663,,,,,Higher,,,,,,,,,,,,,,
,MCMC,5,1,1,,,0.464162692,0.002509376,"(0.46132311799064973, 0.4670022666093503)",,,,0.000406446,0.005679149,,,,,Higher,,,,,,,,,,,,,,
,MCMC,7,1,1,,,0.462744225,0.002222014,"(0.4602298250172067, 0.46525862438279325)",,,,0.001824913,0.005028799,,,,,Lower,,,,,,,,,,,,,,
,MCMC,3,1,1,,5,0.481982857,0.001074412,"(0.48076706725564544, 0.48319864674435453)",,,,0.002731651,0.002431579,,,,,Lower,,,,,,,,,,,,,,
,MCMC,5,1,1,,,0.481515243,0.001404573,"(0.47992584773073144, 0.48310463726926856)",,,,0.003199265,0.00317879,,,,,Lower,,,,,,,,,,,,,,
,MCMC,7,1,1,,,0.481258266,0.001211773,"(0.4798870403471027, 0.4826294906528973)",,,,0.003456242,0.00274245,,,,,Lower,,,,,,,,,,,,,,
,MCMC,3,1,1,,7,0.47082841,0.002186198,"(0.46835453968396845, 0.47330227971603156)",,,,0.002038631,0.00494774,,,,,Higher,,,,,,,,,,,,,,
,MCMC,5,1,1,,,0.469718915,0.002605806,"(0.4667702215651542, 0.4726676080348458)",,,,0.003148126,0.005897386,,,,,Higher,,,,,,,,,,,,,,
,MCMC,7,1,1,,,0.470055494,0.001993195,"(0.4678000228201337, 0.47231096577986625)",,,,0.002811547,0.004510943,,,,,Lower,,,,,,,,,,,,,,
,MCMC,3,1,1,,10,0.458874959,0.001772454,"(0.45686927469981803, 0.460880642700182)",,,,0.000934628,0.004011368,,,,,Higher,,,,,,,,,,,,,,
,MCMC,5,1,1,,,0.45805336,0.001194318,"(0.4567018871418839, 0.4594048326581161)",,,,0.001756227,0.002702946,,,,,Lower,,,,,,,,,,,,,,
,MCMC,7,1,1,,,0.458447293,0.001500099,"(0.45674980173242236, 0.46014478366757766)",,,,0.001362294,0.003394982,,,,,Lower,,,,,,,,,,,,,,
,MCMC,,1,1,3,0,always 0,,,,,,,,,,,,,,,,,,,,,,,,,,
,MCMC,3,1,1,,1,0.202534983,0.003009913,"(0.19912900777523102, 0.20594095722476896)",,,,0.006992569,0.006811949,,,,,Lower,,,,,,,,,,,,,,
,MCMC,5,1,1,,,0.200399102,0.003800615,"(0.19609838027212553, 0.20469982392787447)",,,,0.009128449,0.008601444,,,,,Lower,,,,,,,,,,,,,,
,MCMC,7,1,1,,,0.200306182,0.003940795,"(0.19584683398392272, 0.2047655290160773)",,,,0.009221369,0.008918695,,,,,Higher,,,,,,,,,,,,,,
,MCMC,3,1,1,,3,0.050042872,0.002030553,"(0.04774512687975585, 0.05234061672024415)",,,,0.000373736,0.00459549,,,,,Higher,,,,,,,,,,,,,,
,MCMC,5,1,1,,,0.048914639,0.001208324,"(0.04754731663893387, 0.050281960361066136)",,,,0.000754497,0.002734644,,,,,Higher,,,,,,,,,,,,,,
,MCMC,7,1,1,,,0.049463172,0.001345634,"(0.04794047132283642, 0.050985872477163574)",,,,0.000205964,0.003045401,,,,,Lower,,,,,,,,,,,,,,
,MCMC,3,1,1,,5,0.017540175,0.000474771,"(0.017002931309446922, 0.018077419490553078)",,,,0.001073002,0.001074488,,,,,Lower,,,,,,,,,,,,,,
,MCMC,5,1,1,,,0.017480606,0.001025768,"(0.01631986186472815, 0.018641350735271848)",,,,0.001013433,0.002321489,,,,,Lower,,,,,,,,,,,,,,
,MCMC,7,1,1,,,0.017419187,0.000521769,"(0.016828760569433956, 0.01800961283056604)",,,,0.000952014,0.001180852,,,,,Lower,,,,,,,,,,,,,,
,MCMC,3,1,1,,7,0.014691511,0.001601807,"(0.01287892925005665, 0.01650409314994335)",,,,0.001108709,0.003625164,,,,,Lower,,,,,,,,,,,,,,
,MCMC,5,1,1,,,0.014367436,0.002183795,"(0.011896284318694553, 0.016838587081305447)",,,,0.000784634,0.004942303,,,,,Lower,,,,,,,,,,,,,,
,MCMC,7,1,1,,,0.015014235,0.001811603,"(0.012964250589390405, 0.017064218810609596)",,,,0.001431433,0.004099968,,,,,Lower,,,,,,,,,,,,,,
,MCMC,3,1,1,,10,0.024212118,0.005276653,"(0.018241133141529767, 0.030183103658470233)",,,,0.002567585,0.011941971,,,,,Lower,,,,,,,,,,,,,,
,MCMC,5,1,1,,,0.02590656,0.006532351,"(0.018514644572104638, 0.03329847542789536)",,,,0.004262027,0.014783831,,,,,Lower,,,,,,,,,,,,,,
,MCMC,7,1,1,,,0.023792574,0.005018388,"(0.01811383769166523, 0.029471310908334773)",,,,0.002148041,0.011357473,,,,,Lower,,,,,,,,,,,,,,
,MCMC,,1,1,5,0,always 0,,,,,,,,,,,,,,,,,,,,,,,,,,
,MCMC,3,1,1,,1,0.007226725,0.000297822,"(0.006889713873505966, 0.007563736126494034)",0.000742668,0.000674022,,0.000742668,0.000674022,,,,,Lower,,,,,,,,,,,,,,
,MCMC,5,1,1,,,0.006980121,0.000353308,"(0.006580322054830722, 0.007379919545169277)",0.000989272,0.000799597,,0.000989272,0.000799597,,,,,Lower,,,,,,,,,,,,,,
,MCMC,7,1,1,,,0.007030653,0.000295858,"(0.006695864947363413, 0.0073654416526365875)",0.00093874,0.000669577,,0.00093874,0.000669577,,,,,Lower,,,,,,,,,,,,,,
,MCMC,3,1,1,,3,0.00011886,1.60E-05,"(0.0001007911521568451, 0.0001369292478431549)",1.18E-05,3.61E-05,,1.18E-05,3.61E-05,,,,,Lower,,,,,,,,,,,,,,
,MCMC,5,1,1,,,0.000110821,1.04E-05,"(9.906052946574634e-05, 0.00012258167053425363)",3.76E-06,2.35E-05,,3.76E-06,2.35E-05,,,,,Lower,,,,,,,,,,,,,,
,MCMC,7,1,1,,,0.000114939,1.19E-05,"(0.0001015075562879563, 0.00012837004371204372)",7.88E-06,2.69E-05,,7.88E-06,2.69E-05,,,,,Lower,,,,,,,,,,,,,,
,MCMC,3,1,1,,5,1.61E-05,2.26E-06,"(1.3506639936735782e-05, 1.861756006326422e-05)",2.76E-06,5.11E-06,,2.76E-06,5.11E-06,,,,,Lower,,,,,,,,,,,,,,
,MCMC,5,1,1,,,1.54E-05,2.90E-06,"(1.2085161895458879e-05, 1.8649038104541123e-05)",2.07E-06,6.56E-06,,2.07E-06,6.56E-06,,,,,Lower,,,,,,,,,,,,,,
,MCMC,7,1,1,,,1.56E-05,2.27E-06,"(1.3055555639339607e-05, 1.8195444360660394e-05)",2.33E-06,5.14E-06,,2.33E-06,5.14E-06,,,,,Lower,,,,,,,,,,,,,,
,MCMC,3,1,1,,7,2.37E-05,6.34E-06,"(1.6510504323048474e-05, 3.0864895676951526e-05)",5.79E-06,1.44E-05,,5.79E-06,1.44E-05,,,,,Lower,,,,,,,,,,,,,,
,MCMC,5,1,1,,,2.29E-05,8.68E-06,"(1.3082104268274242e-05, 3.2720095731725754e-05)",5.00E-06,1.96E-05,,5.00E-06,1.96E-05,,,,,Lower,,,,,,,,,,,,,,
,MCMC,7,1,1,,,2.19E-05,7.74E-06,"(1.3154800075314124e-05, 3.0680799924685875e-05)",4.02E-06,1.75E-05,,4.02E-06,1.75E-05,,,,,Lower,,,,,,,,,,,,,,
,MCMC,3,1,1,,10,0.000107716,4.47E-05,"(5.716433102589495e-05, 0.00015826766897410503)",2.72E-05,0.000101103,,2.72E-05,0.000101103,,,,,Lower,,,,,,,,,,,,,,
,MCMC,5,1,1,,,0.000103834,5.52E-05,"(4.131405398515854e-05, 0.00016635314601484144)",2.33E-05,0.000125039,,2.33E-05,0.000125039,,,,,Lower,,,,,,,,,,,,,,
,MCMC,7,1,1,,,9.54E-05,5.17E-05,"(3.6821146228912726e-05, 0.00015391605377108728)",1.49E-05,0.000117095,,1.49E-05,0.000117095,,,,,Lower,,,,,,,,,,,,,,
Q2 for x,EM,,2,1,,,always 0,,,,,,,,,,,,,,,,,,,,,,,,,,
,EM,3,2,1,,,26.77742883,0.21,"(26.542442712706883, 27.012414953959738)",,,,0.559095277,0.469972241,,,0.600262116,,Lower,26,0.866666667,,13,13,10,8,8,5,4,4,5,4,4
,EM,5,2,1,,,26.60922928,0.26,"(26.38471474798987, 26.83374380801011)",,,,0.727294832,0.44902906,,,,,Higher,,,,,,,,,,,,,,
,EM,7,2,1,,,26.67684699,0.26,"(26.482083807521523, 26.871610166764174)",,,,0.659677123,0.389526359,,,,,Higher,,,,,,,,,,,,,,
,EM,3,2,1,,,16.2641369,0.12,"(16.124258756333955, 16.40401503699935)",,,,0.025355103,0.279756281,,,,,Lower,,,,,,,,,,,,,,
,EM,5,2,1,,,16.11842153,0.066,"(16.060571697902052, 16.17627135409794)",,,,0.171070474,0.115699656,,,,,Lower,,,,,,,,,,,,,,
,EM,7,2,1,,,16.19869872,0.068,"(16.148044912342055, 16.249352524800802)",,,,0.090793281,0.101307612,,,,,Lower,,,,,,,,,,,,,,
,EM,3,2,1,,,12.27794307,0.076,"(12.1916009337796, 12.364285199553713)",,,,0.107082557,0.172684266,,,,,Lower,,,,,,,,,,,,,,
,EM,5,2,1,,,12.19841669,0.14,"(12.077755925307706, 12.319077446692283)",,,,0.027556176,0.241321521,,,,,Lower,,,,,,,,,,,,,,
,EM,7,2,1,,,12.21889282,0.092,"(12.150437713177912, 12.287347921107798)",,,,0.048032307,0.136910208,,,,,Lower,,,,,,,,,,,,,,
,EM,3,2,1,,,11.32462466,0.28,"(11.01051012088167, 11.638739192451649)",,,,0.208342887,0.628229072,,,,,Lower,,,,,,,,,,,,,,
,EM,5,2,1,,,11.30123598,0.36,"(10.982015234817759, 11.620456717182233)",,,,0.184954206,0.638441482,,,,,Lower,,,,,,,,,,,,,,
,EM,7,2,1,,,11.25945749,0.3,"(11.038922215108702, 11.479992759177009)",,,,0.143175717,0.441070544,,,,,Lower,,,,,,,,,,,,,,
,EM,3,2,1,,,12.19755144,0.61,"(11.508447215131163, 12.886655664868815)",,,,0.3625827,1.37820845,,,,,Lower,,,,,,,,,,,,,,
,EM,5,2,1,,,12.25057545,0.72,"(11.620190901048415, 12.880959994951576)",,,,0.415606708,1.260769094,,,,,Lower,,,,,,,,,,,,,,
,EM,7,2,1,,,12.11722114,0.61,"(11.664194543342889, 12.570247739514246)",,,,0.282252401,0.906053196,,,,,Lower,,,,,,,,,,,,,,
Q2 for x ,MCMC,,2,1,,,always 0,,,,,,,,,,,,,,,,,,,,,,,,,,
,MCMC,3,2,1,,,26.78457424,0.28365975,"(26.463588914321022, 27.105559566278977)",,,,0.55194987,0.641970652,,,,,Lower,,,,,,,,,,,,,,
,MCMC,5,2,1,,,26.62340713,0.257576069,"(26.3319377225065, 26.9148765322935)",,,,0.713116983,0.58293881,,,,,Higher,,,,,,,,,,,,,,
,MCMC,7,2,1,,,26.63833127,0.285872748,"(26.314841750215205, 26.961820796784796)",,,,0.698192836,0.646979047,,,,,Higher,,,,,,,,,,,,,,
,MCMC,3,2,1,,,16.24747163,0.155748372,"(16.07122899905237, 16.42371427054763)",,,,0.042020365,0.352485271,,,,,Lower,,,,,,,,,,,,,,
,MCMC,5,2,1,,,16.11388307,0.070588768,"(16.03400582524519, 16.193760310954815)",,,,0.175608932,0.159754486,,,,,Lower,,,,,,,,,,,,,,
,MCMC,7,2,1,,,16.20390662,0.061101402,"(16.13476514813843, 16.273048098261572)",,,,0.085585377,0.13828295,,,,,Lower,,,,,,,,,,,,,,
,MCMC,3,2,1,,,12.28952855,0.091484845,"(12.186005606879624, 12.393051496720377)",,,,0.118668042,0.20704589,,,,,Lower,,,,,,,,,,,,,,
,MCMC,5,2,1,,,12.2157515,0.149393196,"(12.04670029398572, 12.38480271361428)",,,,0.044890994,0.33810242,,,,,Lower,,,,,,,,,,,,,,
,MCMC,7,2,1,,,12.21619411,0.093793712,"(12.110058479107385, 12.322329731092614)",,,,0.045333595,0.212271252,,,,,Lower,,,,,,,,,,,,,,
,MCMC,3,2,1,,,11.34538767,0.312704779,"(10.991535399945635, 11.699239933054367)",,,,0.229105897,0.707704533,,,,,Lower,,,,,,,,,,,,,,
,MCMC,5,2,1,,,11.26089728,0.364809025,"(10.848084591921445, 11.673709969078555)",,,,0.14461551,0.825625377,,,,,Lower,,,,,,,,,,,,,,
,MCMC,7,2,1,,,11.26220789,0.299151397,"(10.923692440486366, 11.600723347513632)",,,,0.145926124,0.677030907,,,,,Lower,,,,,,,,,,,,,,
,MCMC,3,2,1,,,12.25695844,0.673593263,"(11.494729914906223, 13.019186969093777)",,,,0.421989702,1.524457054,,,,,Lower,,,,,,,,,,,,,,
,MCMC,5,2,1,,,12.30295868,0.827258156,"(11.366845154885398, 13.239072210114601)",,,,0.467989942,1.872227055,,,,,Lower,,,,,,,,,,,,,,
,MCMC,7,2,1,,,12.13627659,0.668092872,"(11.380272223567346, 12.892280950232653)",,,,0.301307847,1.512008727,,,,,Lower,,,,,,,,,,,,,,
Q3 for x,EM,3,3,1,,,24.27240763,1.2,"(22.96301415211556, 25.581801107884413)",,,,0.01178845,2.618786956,,,0.113617829,,Lower,4,0.666666667,,2,2,2,0,2,1,0,1,1,0,1
,EM,5,3,1,,,24.55629811,0.97,"(23.705174981098793, 25.407421230901186)",,,,0.295678926,1.70224625,,,,,Higher,,,,,,,,,,,,,,
,EM,7,3,1,,,24.22842953,0.79,"(23.645911603213623, 24.810947465357803)",,,,0.032189646,1.165035862,,,,,Lower,,,,,,,,,,,,,,
Q3 for x,MCMC,3,3,1,,,24.36493321,1.227034975,"(22.976437932630123, 25.75342847756988)",,,,0.104314025,2.776990545,,,,,Lower,,,,,,,,,,,,,,
,MCMC,5,3,1,,,24.40787962,1.039121998,"(23.23202399022479, 25.583735247575213)",,,,0.147260439,2.351711257,,,,,Higher,,,,,,,,,,,,,,
,MCMC,7,3,1,,,24.17014369,0.886627597,"(23.166848550370247, 25.173438831229753)",,,,0.090475489,2.006590281,,,,,Lower,,,,,,,,,,,,,,
Q1 for y,EM,,1,2,0,0,always 1 ,,,,,,,,,,0.0068222,,,62,0.516666667,,31,31,20,22,20,10,11,10,10,11,10
,EM,3,1,2,,1,0.045408885,0.007381844,"(0.037055695691920756, 0.053762074974745847)",,,,0.007235278,0.016706379,,,,,Higher,,,,,,,,,,,,,,
,EM,5,1,2,,,0.044101765,0.007097872,"(0.03788031938883773, 0.050323209811162235)",,,,0.005928158,0.01244289,,,,,Lower,,,,,,,,,,,,,,
,EM,7,1,2,,,0.04552513,0.007495899,"(0.039972192082964195, 0.051078067345607214)",,,,0.007351523,0.011105875,,,,,Higher,,,,,,,,,,,,,,
,EM,3,1,2,,3,3.61E-05,0.001000006,"(-0.001095459395178376, 0.0011677260618450423)",,,,1.36E-05,0.002263185,,,,,Lower,,,,,,,,,,,,,,
,EM,5,1,2,,,3.56E-05,0.001000005,"(-0.0008409472867579844, 0.0009121072867579844)",,,,1.31E-05,0.001753055,,,,,Lower,,,,,,,,,,,,,,
,EM,7,1,2,,,3.60E-05,0.001000009,"(-0.0007048180009835284, 0.0007767894295549569)",,,,1.35E-05,0.001481607,,,,,Lower,,,,,,,,,,,,,,
,EM,3,1,2,,5,7.00E-06,0.001000001,"(-0.0011245830390073052, 0.001138589705673972)",,,,2.88E-06,0.002263173,,,,,Lower,,,,,,,,,,,,,,
,EM,5,1,2,,,7.27E-06,0.001000001,"(-0.0008692534133997624, 0.0008837934133997624)",,,,3.15E-06,0.001753047,,,,,Lower,,,,,,,,,,,,,,
,EM,7,1,2,,,6.88E-06,0.001,"(-0.0007339142079192174, 0.0007476799222049318)",,,,2.76E-06,0.001481594,,,,,Lower,,,,,,,,,,,,,,
,EM,3,1,2,,7,7.32E-06,0.001000002,"(-0.0011242676765922952, 0.001138907676592295)",,,,3.13E-06,0.002263175,,,,,Lower,,,,,,,,,,,,,,
,EM,5,1,2,,,7.84E-06,0.001000003,"(-0.0008686812613789645, 0.0008843692613789646)",,,,3.65E-06,0.001753051,,,,,Lower,,,,,,,,,,,,,,
,EM,7,1,2,,,7.14E-06,0.001000002,"(-0.0007336593165067126, 0.0007479364593638554)",,,,2.95E-06,0.001481596,,,,,Lower,,,,,,,,,,,,,,
,EM,3,1,2,,10,1.64E-05,0.001000014,"(-0.0011151987724193804, 0.001148005439086047)",,,,7.00E-06,0.002263204,,,,,Lower,,,,,,,,,,,,,,
,EM,5,1,2,,,1.81E-05,0.001000028,"(-0.0008584867140336948, 0.0008946067140336947)",,,,8.66E-06,0.001753093,,,,,Lower,,,,,,,,,,,,,,
,EM,7,1,2,,,1.60E-05,0.001000015,"(-0.0007248561628445687, 0.000756759019987426)",,,,6.55E-06,0.001481615,,,,,Lower,,,,,,,,,,,,,,
,EM,,1,2,1,,always 0,,,,,,,,,,,,,,,,,,,,,,,,,,
,EM,3,1,2,,1,0.237365244,0.019192226,"(0.21564759436652758, 0.2590828929668054)",,,,0.019316924,0.043435299,,,,,Higher,,,,,,,,,,,,,,
,EM,5,1,2,,,0.233910775,0.019282302,"(0.21700940235513033, 0.2508121472448694)",,,,0.015862455,0.033802745,,,,,Higher,,,,,,,,,,,,,,
,EM,7,1,2,,,0.237646764,0.019986505,"(0.222840826255332, 0.25245270174466783)",,,,0.019598444,0.029611875,,,,,Higher,,,,,,,,,,,,,,
,EM,3,1,2,,3,0.001552392,0.001013263,"(0.0004057979751321396, 0.0026989866915345245)",,,,0.000478438,0.002293189,,,,,Lower,,,,,,,,,,,,,,
,EM,5,1,2,,,0.001526035,0.001011075,"(0.0006398047610970222, 0.002412264838902977)",,,,0.000452081,0.00177246,,,,,Lower,,,,,,,,,,,,,,
,EM,7,1,2,,,0.001549026,0.001017395,"(0.0007953435297635155, 0.0023027093273793402)",,,,0.000475072,0.001507366,,,,,Lower,,,,,,,,,,,,,,
,EM,3,1,2,,5,0.000325636,0.001000566,"(-0.0008065901423696758, 0.0014578614757030086)",,,,0.000112717,0.002264452,,,,,Lower,,,,,,,,,,,,,,
,EM,5,1,2,,,0.000333849,0.001001007,"(-0.0005435559529437105, 0.0012112543529437102)",,,,0.00012093,0.00175481,,,,,Lower,,,,,,,,,,,,,,
,EM,7,1,2,,,0.000321684,0.001000395,"(-0.00041940517423176777, 0.0010627731742317676)",,,,0.000108765,0.001482178,,,,,Lower,,,,,,,,,,,,,,
,EM,3,1,2,,7,0.000300439,0.001001767,"(-0.0008331469151905083, 0.0014340242485238412)",,,,0.000108364,0.002267171,,,,,Lower,,,,,,,,,,,,,,
,EM,5,1,2,,,0.000315709,0.001002923,"(-0.0005633752201752952, 0.001194793220175295)",,,,0.000123634,0.001758168,,,,,Lower,,,,,,,,,,,,,,
,EM,7,1,2,,,0.000295056,0.001001504,"(-0.0004468547583698092, 0.0010369676155126662)",,,,0.000102981,0.001483822,,,,,Lower,,,,,,,,,,,,,,
,EM,3,1,2,,10,0.000525836,0.00100981,"(-0.0006168502162072725, 0.0016685222162072717)",,,,0.000189154,0.002285372,,,,,Lower,,,,,,,,,,,,,,
,EM,5,1,2,,,0.000563945,0.001016512,"(-0.00032705087702750754, 0.0014549412770275072)",,,,0.000227263,0.001781992,,,,,Lower,,,,,,,,,,,,,,
,EM,7,1,2,,,0.000513866,0.001009163,"(-0.00023371873312208035, 0.0012614504474077943)",,,,0.000177184,0.001495169,,,,,Lower,,,,,,,,,,,,,,
,EM,,1,2,3,,always 0,,,,,,,,,,,,,,,,,,,,,,,,,,
,EM,3,1,2,,1,0.253898671,0.017668614,"(0.2339051193548722, 0.2738922219784608)",,,,0.017777039,0.039987103,,,,,Higher,,,,,,,,,,,,,,
,EM,5,1,2,,,0.257074131,0.017763954,"(0.24150362486232282, 0.2726446375376771)",,,,0.014601579,0.031141013,,,,,Higher,,,,,,,,,,,,,,
,EM,7,1,2,,,0.253635107,0.01840026,"(0.24000425431001632, 0.2672659602614121)",,,,0.018040603,0.027261706,,,,,Higher,,,,,,,,,,,,,,
,EM,3,1,2,,3,0.148060295,0.010852592,"(0.13577965709271983, 0.16034093357394663)",,,,0.020136935,0.024561276,,,,,Higher,,,,,,,,,,,,,,
,EM,5,1,2,,,0.14635434,0.010206988,"(0.1374076842617126, 0.15530099493828728)",,,,0.01843098,0.017893311,,,,,Higher,,,,,,,,,,,,,,
,EM,7,1,2,,,0.148097555,0.01161346,"(0.13949434149249118, 0.15670076822179446)",,,,0.020174195,0.017206427,,,,,Higher,,,,,,,,,,,,,,
,EM,3,1,2,,5,0.051749638,0.001523738,"(0.05002539804482777, 0.05347387795517216)",,,,0.010078908,0.00344848,,,,,Higher,,,,,,,,,,,,,,
,EM,5,1,2,,,0.052031134,0.002157091,"(0.05014039451172822, 0.05392187268827174)",,,,0.010360404,0.003781478,,,,,Higher,,,,,,,,,,,,,,
,EM,7,1,2,,,0.051541098,0.001512177,"(0.05042088209358486, 0.05266131362070084)",,,,0.009870368,0.002240432,,,,,Higher,,,,,,,,,,,,,,
,EM,3,1,2,,7,0.041288158,0.003681707,"(0.03712199140916485, 0.04545432459083509)",,,,0.008631312,0.008332333,,,,,Higher,,,,,,,,,,,,,,
,EM,5,1,2,,,0.042102478,0.004458147,"(0.038194811955116474, 0.0460101444448835)",,,,0.009445632,0.007815332,,,,,Higher,,,,,,,,,,,,,,
,EM,7,1,2,,,0.040987323,0.003248033,"(0.03858119068356504, 0.04339345560214923)",,,,0.008330477,0.004812265,,,,,Higher,,,,,,,,,,,,,,
,EM,3,1,2,,10,0.048420347,0.006613598,"(0.04093649415013416, 0.05590419984986578)",,,,0.010001614,0.014967706,,,,,Higher,,,,,,,,,,,,,,
,EM,5,1,2,,,0.049898124,0.007731073,"(0.04312166409859185, 0.05667458350140811)",,,,0.011479391,0.013552919,,,,,Higher,,,,,,,,,,,,,,
,EM,7,1,2,,,0.047950478,0.006006746,"(0.043500699821398786, 0.05240025560717261)",,,,0.009531745,0.008899556,,,,,Higher,,,,,,,,,,,,,,
,EM,,1,2,5,,always 0,,,,,,,,,,,,,,,,,,,,,,,,,,
,EM,3,1,2,,1,0.005949004,0.001580792,"(0.004160202302895646, 0.007737805030437679)",,,,0.001287362,0.003577603,,,,,Lower,,,,,,,,,,,,,,
,EM,5,1,2,,,0.006183109,0.001677955,"(0.004712344005226937, 0.007653874794773058)",,,,0.001053257,0.002941531,,,,,Lower,,,,,,,,,,,,,,
,EM,7,1,2,,,0.00594259,0.001694264,"(0.00468748460945359, 0.007197695104832122)",,,,0.001293776,0.00251021,,,,,Lower,,,,,,,,,,,,,,
,EM,3,1,2,,3,0.354056203,0.013450275,"(0.3388360630712098, 0.36927634226212297)",,,,0.024272434,0.030440279,,,,,Higher,,,,,,,,,,,,,,
,EM,5,1,2,,,0.356160542,0.012617704,"(0.3451008400506709, 0.3672202447493289)",,,,0.022168095,0.022119405,,,,,Higher,,,,,,,,,,,,,,
,EM,7,1,2,,,0.353987275,0.014295349,"(0.343397327086714, 0.36457722348471433)",,,,0.024341362,0.021179896,,,,,Higher,,,,,,,,,,,,,,
,EM,3,1,2,,5,0.430289641,0.005996982,"(0.4235035418344919, 0.4370757394988408)",,,,0.000489281,0.013572198,,,,,Lower,,,,,,,,,,,,,,
,EM,5,1,2,,,0.42938773,0.006295153,"(0.42386988657687635, 0.4349055742231234)",,,,0.00041263,0.011035688,,,,,Lower,,,,,,,,,,,,,,
,EM,7,1,2,,,0.430562282,0.005808942,"(0.42625903652742764, 0.4348655266154294)",,,,0.000761922,0.00860649,,,,,Lower,,,,,,,,,,,,,,
,EM,3,1,2,,7,0.39229875,0.003301774,"(0.3885625092353309, 0.39603499009800175)",,,,0.009230354,0.007472481,,,,,Higher,,,,,,,,,,,,,,
,EM,5,1,2,,,0.3918937,0.003217472,"(0.38907351334973916, 0.3947138862502606)",,,,0.008825304,0.005640373,,,,,Higher,,,,,,,,,,,,,,
,EM,7,1,2,,,0.392378516,0.003636881,"(0.3896843261675135, 0.3950727049753434)",,,,0.00931012,0.005388379,,,,,Higher,,,,,,,,,,,,,,
,EM,3,1,2,,10,0.369177158,0.001325161,"(0.36767762413137006, 0.37067669120196267)",,,,0.008887979,0.002999067,,,,,Higher,,,,,,,,,,,,,,
,EM,5,1,2,,,0.369267333,0.001418912,"(0.3680236238378666, 0.3705110413621332)",,,,0.008978154,0.002487418,,,,,Higher,,,,,,,,,,,,,,
,EM,7,1,2,,,0.369219272,0.00135025,"(0.3682190107402171, 0.37021953268835417)",,,,0.008930093,0.002000522,,,,,Higher,,,,,,,,,,,,,,
Q1 for y,MCMC,,1,2,0,0,always 1 ,,,,,,,,,,,,,,,,,,,,,,,,,,
,MCMC,3,1,2,,1,0.046940698,0.00954426,"(0.03614054925484473, 0.057740845945155266)",,,,0.008767091,0.021600297,,,,,Higher,,,,,,,,,,,,,,
,MCMC,5,1,2,,,0.04364117,0.009023035,"(0.0334308330685643, 0.053851507531435694)",,,,0.005467563,0.020420674,,,,,Lower,,,,,,,,,,,,,,
,MCMC,7,1,2,,,0.045211932,0.007759289,"(0.036431631487342984, 0.05399223251265702)",,,,0.007038325,0.017560601,,,,,Higher,,,,,,,,,,,,,,
,MCMC,3,1,2,,3,3.71E-05,5.14E-06,"(3.128240985112825e-05, 4.2915790148871745e-05)",,,,1.46E-05,1.16E-05,,,,,Lower,,,,,,,,,,,,,,
,MCMC,5,1,2,,,3.55E-05,3.97E-06,"(3.100606513420789e-05, 4.0000134865792115e-05)",,,,1.30E-05,8.99E-06,,,,,Lower,,,,,,,,,,,,,,
,MCMC,7,1,2,,,3.68E-05,4.52E-06,"(3.168006931050755e-05, 4.191413068949245e-05)",,,,1.43E-05,1.02E-05,,,,,Lower,,,,,,,,,,,,,,
,MCMC,3,1,2,,5,7.08E-06,1.46E-06,"(5.421042705340191e-06, 8.731157294659809e-06)",,,,2.96E-06,3.31E-06,,,,,Lower,,,,,,,,,,,,,,
,MCMC,5,1,2,,,7.33E-06,1.79E-06,"(5.307164183192027e-06, 9.353035816807973e-06)",,,,3.21E-06,4.05E-06,,,,,Lower,,,,,,,,,,,,,,
,MCMC,7,1,2,,,6.87E-06,1.03E-06,"(5.705774583887689e-06, 8.03842541611231e-06)",,,,2.75E-06,2.33E-06,,,,,Lower,,,,,,,,,,,,,,
,MCMC,3,1,2,,7,6.68E-06,2.07E-06,"(4.331475407553727e-06, 9.022124592446274e-06)",,,,2.49E-06,4.69E-06,,,,,Lower,,,,,,,,,,,,,,
,MCMC,5,1,2,,,7.94E-06,2.77E-06,"(4.80856279809101e-06, 1.107143720190899e-05)",,,,3.75E-06,6.26E-06,,,,,Lower,,,,,,,,,,,,,,
,MCMC,7,1,2,,,7.29E-06,1.87E-06,"(5.178721518704152e-06, 9.411078481295849e-06)",,,,3.10E-06,4.23E-06,,,,,Lower,,,,,,,,,,,,,,
,MCMC,3,1,2,,10,1.57E-05,7.04E-06,"(7.767894360774132e-06, 2.368930563922587e-05)",,,,6.33E-06,1.59E-05,,,,,Lower,,,,,,,,,,,,,,
,MCMC,5,1,2,,,1.78E-05,9.95E-06,"(6.555200897382535e-06, 2.9072399102617462e-05)",,,,8.41E-06,2.25E-05,,,,,Lower,,,,,,,,,,,,,,
,MCMC,7,1,2,,,1.59E-05,5.84E-06,"(9.307605080072705e-06, 2.2531994919927292e-05)",,,,6.52E-06,1.32E-05,,,,,Lower,,,,,,,,,,,,,,
,MCMC,,1,2,1,,always 0 ,,,,,,,,,,,,,,,,,,,,,,,,,,
,MCMC,3,1,2,,1,0.234834603,0.021508502,"(0.2104958888228169, 0.2591733177771831)",,,,0.016786283,0.048677429,,,,,Higher,,,,,,,,,,,,,,
,MCMC,5,1,2,,,0.237188136,0.017488129,"(0.21739881808159905, 0.2569774531184009)",,,,0.019139816,0.039578635,,,,,Higher,,,,,,,,,,,,,,
,MCMC,7,1,2,,,0.241646664,0.019653892,"(0.21940659958056763, 0.26388672741943237)",,,,0.023598344,0.044480128,,,,,Higher,,,,,,,,,,,,,,
,MCMC,3,1,2,,3,0.001575878,0.000191074,"(0.0013596604348128359, 0.0017920945651871641)",,,,0.000501924,0.000432434,,,,,Lower,,,,,,,,,,,,,,
,MCMC,5,1,2,,,0.001543819,0.000180846,"(0.0013391765726524073, 0.0017484616273475925)",,,,0.000469865,0.000409285,,,,,Lower,,,,,,,,,,,,,,
,MCMC,7,1,2,,,0.001494113,0.000187996,"(0.0012813794214951895, 0.0017068463785048105)",,,,0.000420159,0.000425467,,,,,Lower,,,,,,,,,,,,,,
,MCMC,3,1,2,,5,0.000325269,3.81E-05,"(0.000282201578546795, 0.00036833562145320505)",,,,0.00011235,8.61E-05,,,,,Lower,,,,,,,,,,,,,,
,MCMC,5,1,2,,,0.000340608,4.81E-05,"(0.0002861786261909362, 0.00039503717380906387)",,,,0.000127689,0.000108859,,,,,Lower,,,,,,,,,,,,,,
,MCMC,7,1,2,,,0.000323999,2.98E-05,"(0.00029031277164799277, 0.0003576860283520072)",,,,0.00011108,6.74E-05,,,,,Lower,,,,,,,,,,,,,,
,MCMC,3,1,2,,7,0.000295812,8.48E-05,"(0.0001998177321654236, 0.0003918068678345764)",,,,0.000103737,0.000191989,,,,,Lower,,,,,,,,,,,,,,
,MCMC,5,1,2,,,0.000295155,8.27E-05,"(0.0002016076863153633, 0.00038870271368463666)",,,,0.00010308,0.000187095,,,,,Lower,,,,,,,,,,,,,,
,MCMC,7,1,2,,,0.000299618,6.66E-05,"(0.00022423020049296456, 0.0003750053995070355)",,,,0.000107543,0.000150775,,,,,Lower,,,,,,,,,,,,,,
,MCMC,3,1,2,,10,0.000534181,0.000206142,"(0.0003009140536060698, 0.0007674487463939303)",,,,0.000197499,0.000466535,,,,,Lower,,,,,,,,,,,,,,
,MCMC,5,1,2,,,0.000541891,0.000193514,"(0.00032291247878026344, 0.0007608685212197366)",,,,0.000205209,0.000437956,,,,,Lower,,,,,,,,,,,,,,
,MCMC,7,1,2,,,0.000500904,0.000121842,"(0.0003630295441472644, 0.0006387786558527355)",,,,0.000164222,0.000275749,,,,,Lower,,,,,,,,,,,,,,
,MCMC,,1,2,3,,always 0,,,,,,,,,,,,,,,,,,,,,,,,,,
,MCMC,3,1,2,,1,0.246709708,0.02369082,"(0.21990151429890925, 0.27351790150109073)",,,,0.024966002,0.053616387,,,,,Higher,,,,,,,,,,,,,,
,MCMC,5,1,2,,,0.256173595,0.020569178,"(0.23289780608720942, 0.27944938331279057)",,,,0.015502115,0.046551577,,,,,Higher,,,,,,,,,,,,,,
,MCMC,7,1,2,,,0.256078302,0.017375034,"(0.23641696114387725, 0.2757396432561227)",,,,0.015597408,0.039322682,,,,,Higher,,,,,,,,,,,,,,
,MCMC,3,1,2,,3,0.14850288,0.013498412,"(0.13322826882180025, 0.16377749017819973)",,,,0.020579519,0.030549221,,,,,Higher,,,,,,,,,,,,,,
,MCMC,5,1,2,,,0.147631031,0.012816025,"(0.13312859976875357, 0.1621334614312464)",,,,0.019707671,0.029004862,,,,,Higher,,,,,,,,,,,,,,
,MCMC,7,1,2,,,0.148549286,0.012494316,"(0.13441089595736033, 0.16268767544263968)",,,,0.020625926,0.028276779,,,,,Higher,,,,,,,,,,,,,,
,MCMC,3,1,2,,5,0.051660766,0.001481086,"(0.04998479036409435, 0.053336741035905647)",,,,0.009990036,0.003351951,,,,,Higher,,,,,,,,,,,,,,
,MCMC,5,1,2,,,0.051677836,0.00234233,"(0.04902728882697708, 0.05432838257302292)",,,,0.010007106,0.005301094,,,,,Higher,,,,,,,,,,,,,,
,MCMC,7,1,2,,,0.051504083,0.00105528,"(0.050309944072336965, 0.05269822252766304)",,,,0.009833353,0.002388278,,,,,Higher,,,,,,,,,,,,,,
,MCMC,3,1,2,,7,0.041524424,0.00411873,"(0.036863728402647025, 0.04618512039735298)",,,,0.008867578,0.009321392,,,,,Higher,,,,,,,,,,,,,,
,MCMC,5,1,2,,,0.042763482,0.005219951,"(0.03685666008161622, 0.04867030311838378)",,,,0.010106636,0.011813643,,,,,Higher,,,,,,,,,,,,,,
,MCMC,7,1,2,,,0.041543556,0.003486284,"(0.03759852634750341, 0.04548858505249659)",,,,0.00888671,0.007890059,,,,,Higher,,,,,,,,,,,,,,
,MCMC,3,1,2,,10,0.048385538,0.009314762,"(0.03784508614396089, 0.05892598905603911)",,,,0.009966805,0.021080903,,,,,Higher,,,,,,,,,,,,,,
,MCMC,5,1,2,,,0.049380417,0.00845706,"(0.03981052891756664, 0.05895030468243336)",,,,0.010961684,0.019139776,,,,,Higher,,,,,,,,,,,,,,
,MCMC,7,1,2,,,0.048248383,0.006546879,"(0.04084002812087713, 0.05565673787912287)",,,,0.00982965,0.01481671,,,,,Higher,,,,,,,,,,,,,,
,MCMC,,1,2,5,,always 0,,,,,,,,,,,,,,,,,,,,,,,,,,
,MCMC,3,1,2,,1,0.006140259,0.001343318,"(0.0046201799543479855, 0.007660338245652014)",,,,0.001096107,0.003040158,,,,,Lower,,,,,,,,,,,,,,
,MCMC,5,1,2,,,0.006344918,0.001439241,"(0.004716292563868183, 0.007973542636131817)",,,,0.000891448,0.00325725,,,,,Lower,,,,,,,,,,,,,,
,MCMC,7,1,2,,,0.006058439,0.001670508,"(0.00416811596538131, 0.00794876223461869)",,,,0.001177927,0.003780646,,,,,Lower,,,,,,,,,,,,,,
,MCMC,3,1,2,,3,0.356287802,0.017823808,"(0.33611863560608013, 0.3764569681939198)",,,,0.022040835,0.040338333,,,,,Higher,,,,,,,,,,,,,,
,MCMC,5,1,2,,,0.358046926,0.016787569,"(0.33905035233609776, 0.3770434990639023)",,,,0.020281711,0.037993147,,,,,Higher,,,,,,,,,,,,,,
,MCMC,7,1,2,,,0.355419518,0.015012638,"(0.33843143015571586, 0.37240760504428416)",,,,0.022909119,0.033976175,,,,,Higher,,,,,,,,,,,,,,
,MCMC,3,1,2,,5,0.429020717,0.007506743,"(0.42052619366445815, 0.4375152393355419)",,,,0.000779643,0.016989046,,,,,Lower,,,,,,,,,,,,,,
,MCMC,5,1,2,,,0.428542564,0.007415078,"(0.4201517673049794, 0.43693336049502063)",,,,0.001257796,0.016781593,,,,,Lower,,,,,,,,,,,,,,
,MCMC,7,1,2,,,0.430669499,0.006535456,"(0.42327406982471744, 0.4380649273752825)",,,,0.000869139,0.014790858,,,,,Lower,,,,,,,,,,,,,,
,MCMC,3,1,2,,7,0.391858658,0.003617278,"(0.38776539767953666, 0.3959519187204633)",,,,0.008790262,0.008186521,,,,,Higher,,,,,,,,,,,,,,
,MCMC,5,1,2,,,0.391402331,0.003256159,"(0.3877177078540334, 0.3950869535459666)",,,,0.008333935,0.007369246,,,,,Higher,,,,,,,,,,,,,,
,MCMC,7,1,2,,,0.392179348,0.003392837,"(0.38834006202643706, 0.39601863437356294)",,,,0.009110952,0.007678572,,,,,Higher,,,,,,,,,,,,,,
,MCMC,3,1,2,,10,0.369017213,0.000917805,"(0.36797863742901904, 0.37005578797098093)",,,,0.008728034,0.002077151,,,,,Higher,,,,,,,,,,,,,,
,MCMC,5,1,2,,,0.369378099,0.001138541,"(0.36808974254673915, 0.3706664560532608)",,,,0.00908892,0.002576714,,,,,Higher,,,,,,,,,,,,,,
,MCMC,7,1,2,,,0.369482383,0.001015243,"(0.36833354877037217, 0.37063121662962784)",,,,0.009193204,0.002297668,,,,,Higher,,,,,,,,,,,,,,
Q2 for y,EM,,2,2,,0,always 0,,,,,,,,,,1.277738933,,,,,,,,,,,,,,,,
,EM,3,2,2,,1,29.63601642,1,"(28.449560162644346, 30.822472677355606)",,,,1.06156135,2.372912515,,,,,Lower,15,0.5,,7,8,4,5,6,2,2,3,2,3,3
,EM,5,2,2,,,29.82662675,1.1,"(28.8950447477544, 30.758208756245576)",,,,0.870951018,1.863164008,,,,,Lower,,,,,,,,,,,,,,
,EM,7,2,2,,,29.62193324,1.1,"(28.807314612600127, 30.436551875971286)",,,,1.075644526,1.629237263,,,,,Lower,,,,,,,,,,,,,,
,EM,3,2,2,,3,61.8945423,0.71,"(61.09472391465766, 62.69436067867558)",,,,1.251192233,1.599636764,,,,,Lower,,,,,,,,,,,,,,
,EM,5,2,2,,,62.005518,0.68,"(61.40810485856625, 62.602931141433714)",,,,1.14021653,1.194826283,,,,,Lower,,,,,,,,,,,,,,
,EM,7,2,2,,,61.89081767,0.76,"(61.32622306311785, 62.455412274024965)",,,,1.254916861,1.129189211,,,,,Lower,,,,,,,,,,,,,,
,EM,3,2,2,,5,70.89727288,0.17,"(70.70851031407194, 71.0860354392613)",,,,1.289008953,0.377525125,,,,,Higher,,,,,,,,,,,,,,
,EM,5,2,2,,,70.89773554,0.17,"(70.74812916664968, 71.0473419053503)",,,,1.288546294,0.299212739,,,,,Higher,,,,,,,,,,,,,,
,EM,7,2,2,,,70.91285318,0.23,"(70.73902066115124, 71.08668569027728)",,,,1.273428654,0.347665029,,,,,Lower,,,,,,,,,,,,,,
,EM,3,2,2,,7,73.56255276,0.32,"(73.1965202096122, 73.92858531705437)",,,,1.385166737,0.732065107,,,,,Higher,,,,,,,,,,,,,,
,EM,5,2,2,,,73.47937002,0.43,"(73.10080280514109, 73.85793724285887)",,,,1.468349476,0.757134438,,,,,Higher,,,,,,,,,,,,,,
,EM,7,2,2,,,73.5954345,0.27,"(73.39385566096135, 73.7970133361815)",,,,1.352285001,0.403157675,,,,,Higher,,,,,,,,,,,,,,
,EM,3,2,2,,10,73.621995,0.8,"(72.71485182418343, 74.52913817581646)",,,,1.54120902,1.814286352,,,,,Higher,,,,,,,,,,,,,,
,EM,5,2,2,,,73.44434251,0.92,"(72.63559192519223, 74.25309309080772)",,,,1.718861512,1.617501166,,,,,Higher,,,,,,,,,,,,,,
,EM,7,2,2,,,73.67559336,0.71,"(73.15244377545869, 74.19874294454127)",,,,1.48761066,1.046299169,,,,,Higher,,,,,,,,,,,,,,
Q2 for y,MCMC,,2,2,,0,always 0,,,,,,,,,,,,,,,,,,,,,,,,,,
,MCMC,3,2,2,,1,29.77760312,1.159350021,"(28.465699173561806, 31.089507062238194)",,,,0.919974652,2.623807889,,,,,Lower,,,,,,,,,,,,,,
,MCMC,5,2,2,,,29.88256227,1.172730906,"(28.55551670261281, 31.20960782798719)",,,,0.815015505,2.654091125,,,,,Lower,,,,,,,,,,,,,,
,MCMC,7,2,2,,,29.66588281,1.221619832,"(28.283515236983746, 31.048250385016253)",,,,1.031694959,2.764735148,,,,,Lower,,,,,,,,,,,,,,
,MCMC,3,2,2,,3,61.83744298,0.761668451,"(60.97554982486566, 62.69933613113434)",,,,1.308291552,1.723786306,,,,,Higher,,,,,,,,,,,,,,
,MCMC,5,2,2,,,62.13101459,0.777764143,"(61.250907785444696, 63.01112140215531)",,,,1.014719936,1.760213617,,,,,Lower,,,,,,,,,,,,,,
,MCMC,7,2,2,,,62.01617656,0.821903795,"(61.08612194585546, 62.94623116494454)",,,,1.129557975,1.860109219,,,,,Lower,,,,,,,,,,,,,,
,MCMC,3,2,2,,5,70.91549467,0.197288888,"(70.69224537799481, 71.13874396120518)",,,,1.27078716,0.446498583,,,,,Lower,,,,,,,,,,,,,,
,MCMC,5,2,2,,,70.916685,0.162188012,"(70.73315536250894, 71.10021464329105)",,,,1.269596827,0.367059281,,,,,Lower,,,,,,,,,,,,,,
,MCMC,7,2,2,,,70.93821412,0.244611897,"(70.66141478834317, 71.21501345485683)",,,,1.248067708,0.553598667,,,,,Lower,,,,,,,,,,,,,,
,MCMC,3,2,2,,7,73.54421078,0.394623798,"(73.0976601182036, 73.99076143939638)",,,,1.403508721,0.893101321,,,,,Higher,,,,,,,,,,,,,,
,MCMC,5,2,2,,,73.50617167,0.454578682,"(72.99177692169417, 74.02056642550582)",,,,1.441547826,1.028789504,,,,,Higher,,,,,,,,,,,,,,
,MCMC,7,2,2,,,73.65737026,0.288770902,"(73.3306012281805, 73.9841392944195)",,,,1.290349239,0.653538066,,,,,Higher,,,,,,,,,,,,,,
,MCMC,3,2,2,,10,73.60322478,1.005170687,"(72.46578797070556, 74.74066158969443)",,,,1.55997924,2.274873619,,,,,Higher,,,,,,,,,,,,,,
,MCMC,5,2,2,,,73.47166753,1.030565874,"(72.30549388829533, 74.63784116970467)",,,,1.691536491,2.332347281,,,,,Higher,,,,,,,,,,,,,,
,MCMC,7,2,2,,,73.68461266,0.744275599,"(72.8424010059506, 74.52682430604939)",,,,1.478591364,1.6844233,,,,,Higher,,,,,,,,,,,,,,
Q3 for y,EM,3,3,2,,,63.32343949,1.4,"(61.79102513903692, 64.85585384096298)",,,,1.10250956,3.064828702,,,1.28479921,,Lower,4,0.666666667,,2,2,2,0,2,1,0,1,1,0,1
,EM,5,3,2,,,62.94280522,1.2,"(61.893937051576344, 63.99167339242362)",,,,1.483143828,2.097736341,,,,,Higher,,,,,,,,,,,,,,
,EM,7,3,2,,,63.34542802,0.92,"(62.666401723004, 64.02445432556739)",,,,1.080521026,1.358052603,,,,,Lower,,,,,,,,,,,,,,
Q3 for y,MCMC,3,3,2,,,63.30846027,1.467282515,"(61.648104311932386, 64.96881623446761)",,,,1.117488777,3.320711923,,,,,Lower,,,,,,,,,,,,,,
,MCMC,5,3,2,,,62.97940835,1.292446048,"(61.51689483740691, 64.44192185759309)",,,,1.446540703,2.92502702,,,,,Higher,,,,,,,,,,,,,,
,MCMC,7,3,2,,,63.33913809,0.925596452,"(62.291746346444754, 64.38652982695524)",,,,1.086810963,2.094783481,,,,,Lower,,,,,,,,,,,,,,
,,,,,,,,,,,,,,,,,,,,,,,97,97,62,64,68,,,,,,