Query Number,Protein,i,T,Model 1 ,Model 2,Model 3,Model 4,Model 5,Model 6,Model 7,Model 8,Model 9,Model 10,Model 11,Model 12,Model 13,Model 14,Model 15,Model 16,,
1,1,0,0,1,1,1,1,1,1,1,1,1,1,1,1,1,1,1,1,,
1,1,0,1,0.078368576,0.087624342,0.082107396,0.082867468,0.089419168,0.088041593,0.086861073,0.083651167,0.081190624,0.090637967,0.08809379,0.085127072,0.084392571,0.084104588,0.084104588,0.08014904,,
1,1,0,3,0.226291884,0.227651852,0.226913773,0.231910445,0.231005295,0.233459444,0.234099738,0.231948414,0.231522585,0.231101661,0.229537382,0.230477794,0.229408704,0.23099295,0.23099295,0.231190264,,
1,1,0,5,0.340607448,0.342712643,0.33558282,0.338505688,0.345301624,0.34754711,0.344469744,0.337552462,0.334640051,0.346806587,0.343442708,0.343525861,0.339480512,0.339359865,0.339359865,0.335273043,,
1,1,0,7,0.381996731,0.390215216,0.37031012,0.369158531,0.39066278,0.390827601,0.381345574,0.36692791,0.359755532,0.395165699,0.388252226,0.38491164,0.376606662,0.373330173,0.373330173,0.361426372,,
1,1,0,10,0.368552911,0.385059876,0.347005171,0.342024105,0.381449779,0.379376412,0.361201488,0.337431794,0.325498574,0.390524048,0.378611766,0.370857817,0.356843694,0.349865527,0.349865527,0.328670869,,
1,1,1,0,0,0,0,0,0,0,0,0,0,0,0,0,0,0,0,0,,
1,1,1,1,0.283350091,0.296704704,0.289116652,0.290972869,0.299542442,0.297978946,0.296608088,0.292116221,0.288718639,0.301140858,0.297596416,0.293652734,0.292619012,0.292494685,0.292494685,0.287140215,,
1,1,1,3,0.464569138,0.459038738,0.462533493,0.465208731,0.460063327,0.462411065,0.463694437,0.464753932,0.46633096,0.459315855,0.459992899,0.462540099,0.462479573,0.463716644,0.463716644,0.466847892,,
1,1,1,5,0.484714508,0.480572044,0.482948228,0.48236919,0.479861007,0.480248695,0.480712623,0.48209904,0.483188713,0.479384778,0.480401661,0.481580221,0.481891881,0.481912404,0.481912404,0.483725155,,
1,1,1,7,0.472867041,0.468268581,0.472569499,0.471904713,0.467516451,0.467787084,0.46935069,0.471877461,0.473175712,0.466456721,0.468352987,0.469757221,0.471014691,0.471254294,0.471254294,0.473516416,,
1,1,1,10,0.459809587,0.457126941,0.460221322,0.459605261,0.456767596,0.456910664,0.458420301,0.459414227,0.459230101,0.455543335,0.45748025,0.458401919,0.459535922,0.459551683,0.459551683,0.459580018,,
1,1,2,0,0,0,0,0,0,0,0,0,0,0,0,0,0,0,0,0,,
1,1,2,1,0.361141674,0.357556183,0.359922837,0.360116586,0.3570095,0.357789035,0.358452172,0.359813171,0.360902961,0.356447423,0.357501963,0.35885358,0.359158375,0.35945584,0.35945584,0.361274313,,
1,1,2,3,0.255650299,0.256809854,0.255968641,0.251124963,0.253953316,0.251208214,0.250177196,0.251288159,0.250916417,0.254177184,0.255056791,0.253355536,0.254142553,0.252448019,0.252448019,0.250953212,,
1,1,2,5,0.157506302,0.158855161,0.162561973,0.160494109,0.1572756,0.155174279,0.157130948,0.161421285,0.162816806,0.156474722,0.158354582,0.157393933,0.160268378,0.160252075,0.160252075,0.161968691,,
1,1,2,7,0.130853815,0.128120612,0.140271566,0.141463709,0.128258841,0.127798585,0.133987546,0.143222556,0.147673528,0.125543501,0.129543669,0.130982318,0.136537358,0.138818241,0.138818241,0.146135674,,
1,1,2,10,0.148175863,0.138019357,0.163696786,0.167562732,0.140912685,0.142284793,0.154608438,0.170944253,0.17932695,0.134985832,0.142557402,0.147571571,0.157092513,0.162071682,0.162071682,0.176886448,,
1,1,3,0,0,0,0,0,0,0,0,0,0,0,0,0,0,0,0,0,,
1,1,3,1,0.209527551,0.197540985,0.204397717,0.202809032,0.195011158,0.196461894,0.19773008,0.201783668,0.204850622,0.193554355,0.196760152,0.200341215,0.201273307,0.201414837,0.201414837,0.206258873,,
1,1,3,3,0.049669136,0.052177313,0.050576552,0.048084424,0.050838616,0.04905961,0.048286778,0.048299633,0.04763943,0.051196614,0.051230467,0.049708172,0.050011602,0.049026646,0.049026646,0.047458081,,
1,1,3,5,0.016467173,0.017122293,0.018069687,0.017793405,0.016838014,0.016333827,0.016931029,0.018067597,0.018451731,0.016631447,0.017061009,0.016771389,0.017562866,0.017660464,0.017660464,0.018156211,,
1,1,3,7,0.013582802,0.0127812,0.015942418,0.016499427,0.012930181,0.012945735,0.014532785,0.016955819,0.018241599,0.012259729,0.013198266,0.013648972,0.015020602,0.015707004,0.015707004,0.017810851,,
1,1,3,10,0.021644533,0.018415421,0.026583493,0.028072453,0.019366885,0.019854895,0.023684723,0.029287078,0.03248707,0.017653338,0.019797645,0.021398543,0.024359895,0.026086694,0.026086694,0.031557602,,
1,1,4,0,0,0,0,0,0,0,0,0,0,0,0,0,0,0,0,0,,
1,1,4,1,0.05918472,0.053343276,0.056575581,0.055576057,0.052049987,0.052647259,0.053169578,0.055078533,0.056499191,0.051382407,0.052907861,0.054558273,0.055001157,0.054984431,0.054984431,0.057196684,,
1,1,4,3,0.003711299,0.004187542,0.003889114,0.00356672,0.004012801,0.003748035,0.003633413,0.003603276,0.003489491,0.004078423,0.004054221,0.003803234,0.003840519,0.003704732,0.003704732,0.003451571,,
1,1,4,5,0.000691069,0.00072405,0.000819887,0.000819684,0.000710192,0.00068302,0.000740569,0.00084103,0.000882442,0.000689638,0.00072601,0.000714566,0.000780231,0.000798254,0.000798254,0.000857453,,
1,1,4,7,0.000681406,0.000599699,0.000880485,0.000944596,0.000616357,0.000625086,0.000762166,0.000985532,0.001116712,0.000560968,0.000636755,0.000681842,0.000798177,0.000864887,0.000864887,0.001075591,,
1,1,4,10,0.001734466,0.001322926,0.0023679,0.002592306,0.001440279,0.001505954,0.001986242,0.00276641,0.003260518,0.001242445,0.001487442,0.00169121,0.002064386,0.00230345,0.00230345,0.003119571,,
1,1,5,0,0,0,0,0,0,0,0,0,0,0,0,0,0,0,0,0,,
1,1,5,1,0.007969393,0.006858919,0.007461561,0.007254424,0.006613685,0.006718658,0.006809152,0.00716083,0.007421393,0.006492087,0.006774049,0.007077887,0.007160114,0.007150369,0.007150369,0.007554084,,
1,1,5,3,0.000107059,0.000133078,0.000117063,0.000103548,0.000125153,0.000112349,0.000107209,0.000105374,1.00E-04,0.000128704,0.00012672,0.000113866,0.000115703,0.000109734,0.000109734,9.79E-05,,
1,1,5,5,1.33E-05,1.36E-05,1.72E-05,1.77E-05,1.34E-05,1.29E-05,1.49E-05,1.83E-05,2.00E-05,1.27E-05,1.39E-05,1.39E-05,1.59E-05,1.67E-05,1.67E-05,1.92E-05,,
1,1,5,7,1.79E-05,1.45E-05,2.55E-05,2.85E-05,1.52E-05,1.57E-05,2.09E-05,3.02E-05,3.63E-05,1.32E-05,1.59E-05,1.77E-05,2.21E-05,2.50E-05,2.50E-05,3.45E-05,,
1,1,5,10,8.05E-05,5.42E-05,0.000121788,0.000138929,6.13E-05,6.56E-05,9.62E-05,0.00015154,0.000190487,4.98E-05,6.39E-05,7.69E-05,0.000100806,0.000117565,0.000117565,0.000179625,,
1,1,6,0,0,0,0,0,0,0,0,0,0,0,0,0,0,0,0,0,,
1,1,6,1,0.000450878,0.000366356,0.000411994,0.000397499,0.000349105,0.000357463,0.000364495,0.000390487,0.000410168,0.00034016,0.000360594,0.000383549,0.000389658,0.00038938,0.00038938,0.000420169,,
1,1,6,3,1.13E-06,1.56E-06,1.31E-06,1.12E-06,1.44E-06,1.24E-06,1.17E-06,1.15E-06,1.08E-06,1.50E-06,1.46E-06,1.26E-06,1.29E-06,1.21E-06,1.21E-06,1.04E-06,,
1,1,6,5,1.18E-07,1.16E-07,1.66E-07,1.78E-07,1.14E-07,1.11E-07,1.38E-07,1.86E-07,2.12E-07,1.04E-07,1.19E-07,1.23E-07,1.49E-07,1.62E-07,1.62E-07,2.01E-07,,
1,1,6,7,2.38E-07,1.74E-07,3.71E-07,4.36E-07,1.86E-07,1.96E-07,2.88E-07,4.68E-07,5.98E-07,1.53E-07,1.97E-07,2.31E-07,3.09E-07,3.64E-07,3.64E-07,5.61E-07,,
1,1,6,10,2.06E-06,1.21E-06,3.44E-06,4.11E-06,1.42E-06,1.57E-06,2.56E-06,4.58E-06,6.16E-06,1.09E-06,1.50E-06,1.92E-06,2.70E-06,3.30E-06,3.30E-06,5.73E-06,,
1,1,7,0,0,0,0,0,0,0,0,0,0,0,0,0,0,0,0,0,,
1,1,7,1,7.07E-06,5.20E-06,6.22E-06,6.03E-06,4.90E-06,5.12E-06,5.31E-06,5.88E-06,6.35E-06,4.71E-06,5.12E-06,5.63E-06,5.77E-06,5.81E-06,5.81E-06,6.57E-06,,
1,1,7,3,3.57E-09,5.40E-09,4.39E-09,3.74E-09,4.88E-09,4.05E-09,3.86E-09,3.86E-09,3.60E-09,5.11E-09,4.98E-09,4.11E-09,4.33E-09,4.04E-09,4.04E-09,3.44E-09,,
1,1,7,5,3.90E-10,3.57E-10,5.93E-10,6.64E-10,3.54E-10,3.49E-10,4.69E-10,6.98E-10,8.40E-10,3.11E-10,3.76E-10,3.99E-10,5.14E-10,5.79E-10,5.79E-10,7.87E-10,,
1,1,7,7,1.25E-09,8.17E-10,2.13E-09,2.65E-09,8.91E-10,9.67E-10,1.57E-09,2.87E-09,3.92E-09,6.99E-10,9.57E-10,1.19E-09,1.69E-09,2.09E-09,2.09E-09,3.64E-09,,
1,1,7,10,2.29E-08,1.15E-08,4.17E-08,5.26E-08,1.41E-08,1.61E-08,2.93E-08,5.95E-08,8.58E-08,1.01E-08,1.50E-08,2.06E-08,3.11E-08,3.99E-08,3.99E-08,7.89E-08,,
1,1,8,0,0,0,0,0,0,0,0,0,0,0,0,0,0,0,0,0,,
1,1,8,1,0,0,0,0,0,0,0,0,0,0,0,0,0,0,0,0,,
1,1,8,3,0,0,0,0,0,0,0,0,0,0,0,0,0,0,0,0,,
1,1,8,5,0,0,0,0,0,0,0,0,0,0,0,0,0,0,0,0,,
1,1,8,7,0,0,0,0,0,0,0,0,0,0,0,0,0,0,0,0,,
1,1,8,10,0,0,0,0,0,0,0,0,0,0,0,0,0,0,0,0,,
1,1,9,0,0,0,0,0,0,0,0,0,0,0,0,0,0,0,0,0,,
1,1,9,1,0,0,0,0,0,0,0,0,0,0,0,0,0,0,0,0,,
1,1,9,3,0,0,0,0,0,0,0,0,0,0,0,0,0,0,0,0,,
1,1,9,5,0,0,0,0,0,0,0,0,0,0,0,0,0,0,0,0,,
1,1,9,7,0,0,0,0,0,0,0,0,0,0,0,0,0,0,0,0,,
1,1,9,10,0,0,0,0,0,0,0,0,0,0,0,0,0,0,0,0,,
1,1,10,0,0,0,0,0,0,0,0,0,0,0,0,0,0,0,0,0,,
1,1,10,1,0,0,0,0,0,0,0,0,0,0,0,0,0,0,0,0,,
1,1,10,3,0,0,0,0,0,0,0,0,0,0,0,0,0,0,0,0,,
1,1,10,5,0,0,0,0,0,0,0,0,0,0,0,0,0,0,0,0,,
1,1,10,7,0,0,0,0,0,0,0,0,0,0,0,0,0,0,0,0,,
1,1,10,10,0,0,0,0,0,0,0,0,0,0,0,0,0,0,0,0,,
1,2,0,0,1,1,1,1,1,1,1,1,1,1,1,1,1,1,1,1,,
1,2,0,1,0.038173607,0.055336747,0.042958042,0.037931867,0.054574014,0.048379821,0.044063934,0.039058458,0.034432596,0.057516419,0.053525267,0.045941197,0.044790005,0.041819926,0.041819926,0.033263168,,
1,2,0,3,2.25E-05,4.03E-05,3.64E-05,3.17E-05,4.18E-05,3.43E-05,3.47E-05,3.51E-05,3.20E-05,4.29E-05,4.10E-05,3.31E-05,3.62E-05,3.48E-05,3.48E-05,2.91E-05,,
1,2,0,5,4.12E-06,5.51E-06,7.89E-06,7.61E-06,6.16E-06,5.53E-06,6.83E-06,8.70E-06,9.13E-06,5.68E-06,6.19E-06,5.79E-06,7.19E-06,7.57E-06,7.57E-06,8.19E-06,,
1,2,0,7,4.19E-06,4.70E-06,8.59E-06,8.67E-06,5.49E-06,5.17E-06,7.06E-06,1.01E-05,1.14E-05,4.77E-06,5.57E-06,5.66E-06,7.45E-06,8.21E-06,8.21E-06,1.01E-05,,
1,2,0,10,9.40E-06,8.81E-06,1.98E-05,2.06E-05,1.08E-05,1.05E-05,1.56E-05,2.44E-05,2.90E-05,8.86E-06,1.10E-05,1.20E-05,1.65E-05,1.87E-05,1.87E-05,2.59E-05,,
1,2,1,0,0,0,0,0,0,0,0,0,0,0,0,0,0,0,0,0,,
1,2,1,1,0.21804832,0.263155263,0.23169301,0.217247458,0.26141553,0.246362858,0.234922696,0.220575742,0.206277048,0.268175421,0.258918937,0.239948009,0.236787784,0.228595256,0.228595256,0.202506685,,
1,2,1,3,0.001073954,0.0017595,0.001537629,0.001360048,0.001797173,0.001523468,0.001498457,0.001468947,0.001342129,0.001853869,0.001762599,0.001466992,0.001549056,0.001481969,0.001481969,0.001246731,,
1,2,1,5,0.000212919,0.000278697,0.000355812,0.000342398,0.00030298,0.000274843,0.000319854,0.00038081,0.000390759,0.00028666,0.000303062,0.000282922,0.000332876,0.000344146,0.000344146,0.000357976,,
1,2,1,7,0.000192075,0.000216325,0.000342002,0.000342989,0.000244092,0.000230921,0.00029403,0.000387098,0.000422404,0.0002195,0.000246665,0.000247054,0.000306788,0.000330078,0.000330078,0.000385232,,
1,2,1,10,0.000336682,0.000327524,0.000616182,0.000633802,0.000383194,0.000374206,0.000510887,0.000724222,0.000827217,0.000329472,0.00038913,0.00041329,0.000532768,0.000589474,0.000589474,0.000753453,,
1,2,2,0,0,0,0,0,0,0,0,0,0,0,0,0,0,0,0,0,,
1,2,2,1,0.390133186,0.393809833,0.392386422,0.389937185,0.393930836,0.393951416,0.392992154,0.390608339,0.387048094,0.393549703,0.393981629,0.393451123,0.39307858,0.392047332,0.392047332,0.385922896,,
1,2,2,3,0.018021947,0.026352741,0.022906583,0.020758323,0.026586219,0.023462851,0.022731033,0.021871194,0.020191667,0.027440123,0.02615592,0.022648284,0.023241699,0.022305722,0.022305722,0.019173056,,
1,2,2,5,0.004272387,0.00542036,0.006238401,0.006006806,0.005735756,0.005276386,0.005812029,0.006495335,0.006538761,0.005558169,0.00572174,0.005347741,0.005983286,0.006085087,0.006085087,0.006121273,,
1,2,2,7,0.00351988,0.003955168,0.005447109,0.005433067,0.004316915,0.004109547,0.004887105,0.00594898,0.006304538,0.00400845,0.004344664,0.004302222,0.005044195,0.005306929,0.005306929,0.005876575,,
1,2,2,10,0.004971061,0.004974638,0.007886053,0.008031394,0.005586649,0.005459446,0.006871585,0.00887839,0.009757434,0.005003001,0.005648838,0.005865772,0.00709391,0.007635198,0.007635198,0.009086994,,
1,2,3,0,0,0,0,0,0,0,0,0,0,0,0,0,0,0,0,0,,
1,2,3,1,0.27167571,0.230166949,0.259103157,0.272425906,0.23176143,0.245588201,0.25612645,0.269357873,0.282536702,0.2255656,0.234052634,0.251494293,0.254407737,0.261960132,0.261960132,0.286005223,,
1,2,3,3,0.12792336,0.162397267,0.145475101,0.136308518,0.162585828,0.150655317,0.145940703,0.140257165,0.132332685,0.166533016,0.160813983,0.146770227,0.147659836,0.143230054,0.143230054,0.128445714,,
1,2,3,5,0.04167073,0.050486279,0.053267663,0.051494972,0.052129406,0.048848433,0.051257279,0.054165151,0.053755399,0.051531734,0.051914698,0.048904389,0.052210422,0.052394376,0.052394376,0.05143769,,
1,2,3,7,0.032656846,0.036279931,0.043936116,0.043648427,0.038364606,0.036840504,0.041052122,0.046383008,0.047872151,0.036703895,0.038471406,0.037808579,0.041920765,0.04319328,0.04319328,0.045620057,,
1,2,3,10,0.038418733,0.039179984,0.052773543,0.053307514,0.04230421,0.041459704,0.048248504,0.057017763,0.060460438,0.039379431,0.042598871,0.043401904,0.049297762,0.051691371,0.051691371,0.057592634,,
1,2,4,0,0,0,0,0,0,0,0,0,0,0,0,0,0,0,0,0,,
1,2,4,1,0.074545181,0.053104485,0.067486942,0.074973452,0.053806233,0.060355225,0.06578037,0.073188277,0.081224033,0.051026396,0.054872766,0.063383577,0.064933778,0.068992931,0.068992931,0.083453417,,
1,2,4,3,0.371676244,0.398497576,0.382554334,0.374484399,0.397897537,0.390250771,0.384533146,0.376989819,0.3685634,0.401048167,0.396618687,0.386595712,0.385359788,0.381056249,0.381056249,0.365533393,,
1,2,4,5,0.201121136,0.227589347,0.225894364,0.220449686,0.230141997,0.22115841,0.223324102,0.225732336,0.222517137,0.230642832,0.229186681,0.219809138,0.225172356,0.224051532,0.224051532,0.217696976,,
1,2,4,7,0.159521568,0.172921479,0.186767678,0.185233453,0.177563137,0.172621047,0.181169724,0.191124724,0.192898867,0.174446003,0.177547203,0.174154635,0.183084455,0.185180929,0.185180929,0.187994324,,
1,2,4,10,0.162850148,0.167421169,0.193512785,0.194156311,0.174145736,0.171572459,0.185223086,0.200995111,0.206263031,0.168099525,0.174678453,0.175332724,0.187294302,0.191619487,0.191619487,0.201051434,,
1,2,5,0,0,0,0,0,0,0,0,0,0,0,0,0,0,0,0,0,,
1,2,5,1,0.007236366,0.004332706,0.006219528,0.007294777,0.004415607,0.005241394,0.005970111,0.007031139,0.008257296,0.004079797,0.004548469,0.00564775,0.005861136,0.006424903,0.006424903,0.008611171,,
1,2,5,3,0.378328637,0.336222472,0.357375444,0.368570692,0.3361336,0.350638537,0.356689199,0.363865774,0.373475602,0.331209587,0.338305683,0.355468384,0.354615517,0.360107585,0.360107585,0.378096586,,
1,2,5,5,0.42980036,0.438539998,0.427345303,0.424983621,0.4368446,0.435105081,0.43019515,0.424193675,0.420600146,0.439311114,0.436230916,0.432920176,0.429725426,0.427470275,0.427470275,0.420807789,,
1,2,5,7,0.383068396,0.396559541,0.391280474,0.389056234,0.396834546,0.392936916,0.39195512,0.390092158,0.387649759,0.398047601,0.39622694,0.391576975,0.392208249,0.391036873,0.391036873,0.386516098,,
1,2,5,10,0.360289179,0.368010561,0.370097157,0.369423755,0.369712848,0.367376817,0.369641164,0.370341702,0.369264132,0.36882433,0.369583658,0.36750797,0.369979733,0.370070104,0.370070104,0.368499003,,
1,2,6,0,0,0,0,0,0,0,0,0,0,0,0,0,0,0,0,0,,
1,2,6,1,0.000186999,9.37E-05,0.000152411,0.000188735,9.60E-05,0.000120724,0.000143818,0.000179574,0.000223445,8.64E-05,1.00E-04,0.000133618,0.000140537,0.000158989,0.000158989,0.000236604,,
1,2,6,3,0.099707993,0.072807392,0.087460967,0.09541687,0.073022963,0.081139825,0.086020625,0.092582732,0.100663167,0.070069972,0.074308197,0.084548222,0.085022991,0.08905823,0.08905823,0.103898009,,
1,2,6,5,0.29464451,0.257473603,0.263671177,0.271556939,0.254840849,0.267024998,0.266049622,0.264946975,0.270245104,0.253279268,0.25629169,0.269565823,0.263805866,0.266044727,0.266044727,0.2764516,,
1,2,6,7,0.359549223,0.340847594,0.322632736,0.324626002,0.334674824,0.341619893,0.330155519,0.316788045,0.314280503,0.338676625,0.334739569,0.339596862,0.32755724,0.324750911,0.324750911,0.320760542,,
1,2,6,10,0.348830396,0.345207359,0.309850278,0.308673886,0.336330978,0.339107785,0.320887023,0.299935146,0.29266509,0.344600276,0.335498273,0.333839651,0.318164929,0.312316053,0.312316053,0.299243697,,
1,2,7,0,0,0,0,0,0,0,0,0,0,0,0,0,0,0,0,0,,
1,2,7,1,5.81E-07,2.42E-07,4.48E-07,5.86E-07,2.49E-07,3.32E-07,4.14E-07,5.50E-07,7.28E-07,2.18E-07,2.62E-07,3.78E-07,4.03E-07,4.71E-07,4.71E-07,7.83E-07,,
1,2,7,3,0.003245338,0.001922688,0.002653462,0.003069436,0.001934792,0.002294874,0.002552114,0.002929223,0.003399282,0.00180236,0.001993894,0.002468995,0.002514813,0.002725361,0.002725361,0.003577367,,
1,2,7,5,0.028273777,0.020206159,0.023219344,0.025157926,0.019998201,0.022306273,0.023035084,0.024076952,0.025943516,0.01938449,0.020344971,0.023163963,0.022762522,0.023602245,0.023602245,0.02711845,,
1,2,7,7,0.061487772,0.049215212,0.049585245,0.051651112,0.047996339,0.051635945,0.050479261,0.049265855,0.050560376,0.047893093,0.048417939,0.052307965,0.049870807,0.050192741,0.050192741,0.052836983,,
1,2,7,10,0.084294345,0.074869891,0.065244117,0.065752646,0.071525567,0.074639005,0.068602077,0.062083225,0.060733575,0.07375504,0.07159175,0.073626666,0.067620094,0.066059515,0.066059515,0.063746859,,
1,2,8,0,0,0,0,0,0,0,0,0,0,0,0,0,0,0,0,0,,
1,2,8,1,0,0,0,0,0,0,0,0,0,0,0,0,0,0,0,0,,
1,2,8,3,0,0,0,0,0,0,0,0,0,0,0,0,0,0,0,0,,
1,2,8,5,0,0,0,0,0,0,0,0,0,0,0,0,0,0,0,0,,
1,2,8,7,0,0,0,0,0,0,0,0,0,0,0,0,0,0,0,0,,
1,2,8,10,0,0,0,0,0,0,0,0,0,0,0,0,0,0,0,0,,
1,2,9,0,0,0,0,0,0,0,0,0,0,0,0,0,0,0,0,0,,
1,2,9,1,0,0,0,0,0,0,0,0,0,0,0,0,0,0,0,0,,
1,2,9,3,0,0,0,0,0,0,0,0,0,0,0,0,0,0,0,0,,
1,2,9,5,0,0,0,0,0,0,0,0,0,0,0,0,0,0,0,0,,
1,2,9,7,0,0,0,0,0,0,0,0,0,0,0,0,0,0,0,0,,
1,2,9,10,0,0,0,0,0,0,0,0,0,0,0,0,0,0,0,0,,
1,2,10,0,0,0,0,0,0,0,0,0,0,0,0,0,0,0,0,0,,
1,2,10,1,0,0,0,0,0,0,0,0,0,0,0,0,0,0,0,0,,
1,2,10,3,0,0,0,0,0,0,0,0,0,0,0,0,0,0,0,0,,
1,2,10,5,0,0,0,0,0,0,0,0,0,0,0,0,0,0,0,0,,
1,2,10,7,0,0,0,0,0,0,0,0,0,0,0,0,0,0,0,0,,
1,2,10,10,0,0,0,0,0,0,0,0,0,0,0,0,0,0,0,0,, 
2,1,,0,0,0,0,0,0,0,0,0,0,0,0,0,0,0,0,0,,
2,1,,1,27.33652411,26.49060347,26.97544451,26.86623852,26.31417457,26.41865225,26.50929826,26.79422727,27.00979404,26.21089665,26.4368838,26.69066864,26.75627423,26.76739128,26.76739128,27.10842303,,
2,1,,3,16.289492,16.38021935,16.31928676,16.09290458,16.24530643,16.10810964,16.05694181,16.10251528,16.07923447,16.26037575,16.29510246,16.20236444,16.23925506,16.15810722,16.15810722,16.07757888,,
2,1,,5,12.17086051,12.18020508,12.36639656,12.28722756,12.11192435,12.03422906,12.12578852,12.32287625,12.39726525,12.07215824,12.16096978,12.13729319,12.26169525,12.26679414,12.26679414,12.36654498,,
2,1,,7,11.11628177,10.93322264,11.49416405,11.54648728,10.93381395,10.92573216,11.20112872,11.61837139,11.82713366,10.80905051,10.99518001,11.07837377,11.32080752,11.42283497,11.42283497,11.76712066,,
2,1,,10,11.83496874,11.3425992,12.53524079,12.71481433,11.46813944,11.53437818,12.1018959,12.87164567,13.27681805,11.19572291,11.54666399,11.78431265,12.22255194,12.45395504,12.45395504,13.16338642,,
2,2,,0,0,0,0,0,0,0,0,0,0,0,0,0,0,0,0,0,,
2,2,,1,30.69757777,28.22744808,29.93911902,30.74148216,28.3206069,29.13406897,29.75891702,30.55508771,31.36445316,27.95708862,28.45536013,29.48443633,29.65792847,30.1089112,30.1089112,31.58089676,,
2,2,,3,63.14573453,60.95803735,62.06015277,62.66543677,60.95237944,61.67877077,62.00499654,62.41817037,62.97327288,60.70871596,61.06179985,61.93387579,61.90386206,62.19961995,62.19961995,63.22823012,,
2,2,,5,72.18628183,70.74171943,70.82145786,71.12864134,70.59980286,71.08322644,70.96473178,70.82835961,71.01255699,70.57845907,70.65081255,71.15816686,70.8631446,70.92484321,70.92484321,71.28970273,,
2,2,,7,74.9477195,74.01488749,73.27729682,73.39547398,73.74886197,74.0758752,73.59952922,73.02832886,72.94425487,73.90973575,73.75766725,74.00739396,73.48536609,73.3755216,73.3755216,73.25683524,,
2,2,,10,75.16320402,74.75553761,73.07223333,73.03821406,74.31830214,74.51379826,73.62334871,72.56309561,72.20316782,74.69829222,74.28924864,74.28065528,73.48599974,73.20107679,73.20107679,72.57280406,,
3,1,,,24.26061918,22.69598472,25.44087756,24.68036061,23.76959976,23.30918477,24.38310216,25.4664182,25.85318564,22.93546574,23.60418831,23.82497259,24.54699844,24.56250655,24.56250655,25.56236856,,
3,2,,,64.42594905,65.18515758,62.00352455,62.78163634,63.90353305,64.50750389,63.13122483,61.77334069,61.39842365,64.81916093,64.07288818,63.99643038,62.9489151,62.84019628,62.84019628,61.90020902,,